{"cameraMode":{"drawMode":0,"name":"Shaded","section":"Shading Mode"},"sceneLighting":false,"audioPlay":false,"sceneViewState":{"showFog":true,"showMaterialUpdate":true,"showSkybox":true,"showFlares":true,"showImageEffects":true,"showParticleSystems":true},"in2DMode":false,"pivot":{"x":3.797739028930664,"y":-4.427097320556641,"z":6.760408401489258},"rotation":{"x":-0.3013598322868347,"y":0.037229135632514957,"z":-0.011816543526947499,"w":-0.9528724551200867},"size":17.80538558959961,"orthographic":false}