{"cameraMode":{"drawMode":0,"name":"Shaded","section":"Shading Mode"},"sceneLighting":false,"audioPlay":false,"sceneViewState":{"showFog":true,"showMaterialUpdate":true,"showSkybox":true,"showFlares":true,"showImageEffects":true,"showParticleSystems":true},"in2DMode":false,"pivot":{"x":-3.0960071086883547,"y":6.533722877502441,"z":-6.041486740112305},"rotation":{"x":-0.10807587206363678,"y":0.026898471638560296,"z":-0.002990569220855832,"w":-0.9939290285110474},"size":3.014702320098877,"orthographic":false}